,geo_value,time_value,value,name,state
198,42003,2020-10-01,56.159697758718,Allegheny County,PA
199,42011,2020-10-01,89.640158791138,Berks County,PA
200,42019,2020-10-01,38.368969967561,Butler County,PA
201,42077,2020-10-01,126.08895002293,Lehigh County,PA
202,42079,2020-10-01,10.036381884331,Luzerne County,PA
203,42091,2020-10-01,46.291350639177,Montgomery County,PA
204,42101,2020-10-01,87.87346221441099,Philadelphia County,PA
205,42129,2020-10-01,7.0382882882883,Westmoreland County,PA
206,42133,2020-10-01,16.363487604658,York County,PA
457,42003,2020-10-02,97.003114310512,Allegheny County,PA
458,42011,2020-10-02,121.65450121655,Berks County,PA
459,42019,2020-10-02,87.20220447172899,Butler County,PA
460,42077,2020-10-02,229.25263640532,Lehigh County,PA
461,42079,2020-10-02,22.581859239744002,Luzerne County,PA
462,42091,2020-10-02,71.21746252180999,Montgomery County,PA
463,42101,2020-10-02,128.88107791446998,Philadelphia County,PA
464,42129,2020-10-02,15.836148648649,Westmoreland County,PA
465,42133,2020-10-02,27.272479341097004,York County,PA
716,42003,2020-10-03,172.30816357788,Allegheny County,PA
717,42011,2020-10-03,160.07171212703,Berks County,PA
718,42019,2020-10-03,115.10690990268,Butler County,PA
719,42077,2020-10-03,217.79000458505,Lehigh County,PA
720,42079,2020-10-03,70.254673190315,Luzerne County,PA
721,42091,2020-10-03,116.32185545228998,Montgomery County,PA
722,42101,2020-10-03,146.45577035735002,Philadelphia County,PA
723,42129,2020-10-03,22.874436936937,Westmoreland County,PA
724,42133,2020-10-03,59.999454550413,York County,PA
975,42003,2020-10-04,84.239546638076,Allegheny County,PA
976,42011,2020-10-04,108.84876424638,Berks County,PA
977,42019,2020-10-04,94.17838082946699,Butler County,PA
978,42077,2020-10-04,183.40210912425,Lehigh County,PA
979,42079,2020-10-04,35.127336595157,Luzerne County,PA
980,42091,2020-10-04,67.65658939571999,Montgomery County,PA
981,42101,2020-10-04,93.73169302870501,Philadelphia County,PA
982,42129,2020-10-04,8.797860360360401,Westmoreland County,PA
983,42133,2020-10-04,27.272479341097004,York County,PA
1235,42003,2020-10-05,38.290703017307,Allegheny County,PA
1236,42011,2020-10-05,51.222947880651,Berks County,PA
1237,42019,2020-10-05,69.76176357738301,Butler County,PA
1238,42077,2020-10-05,34.387895460798,Lehigh County,PA
1239,42079,2020-10-05,25.090954710827,Luzerne County,PA
1240,42091,2020-10-05,36.795688969602,Montgomery County,PA
1241,42101,2020-10-05,158.17223198594,Philadelphia County,PA
1242,42129,2020-10-05,22.874436936937,Westmoreland County,PA
1243,42133,2020-10-05,16.363487604658,York County,PA
1497,42003,2020-10-06,51.05427068974301,Allegheny County,PA
1498,42011,2020-10-06,76.834421820976,Berks County,PA
1499,42019,2020-10-06,34.880881788692,Butler County,PA
1500,42077,2020-10-06,68.775790921596,Lehigh County,PA
1501,42079,2020-10-06,7.527286413248,Luzerne County,PA
1502,42091,2020-10-06,35.608731260904996,Montgomery County,PA
1503,42101,2020-10-06,70.298769771529,Philadelphia County,PA
1504,42129,2020-10-06,7.0382882882883,Westmoreland County,PA
1505,42133,2020-10-06,40.908719011645005,York County,PA
1759,42003,2020-10-07,61.265124827692006,Allegheny County,PA
1760,42011,2020-10-07,89.640158791138,Berks County,PA
1761,42019,2020-10-07,48.833234504168,Butler County,PA
1762,42077,2020-10-07,57.31315910133,Lehigh County,PA
1763,42079,2020-10-07,22.581859239744002,Luzerne County,PA
1764,42091,2020-10-07,56.973970017447996,Montgomery County,PA
1765,42101,2020-10-07,93.73169302870501,Philadelphia County,PA
1766,42129,2020-10-07,21.114864864865,Westmoreland County,PA
1767,42133,2020-10-07,16.363487604658,York County,PA
2021,42003,2020-10-08,42.119773319038,Allegheny County,PA
2022,42011,2020-10-08,108.84876424638,Berks County,PA
2023,42019,2020-10-08,41.85705814643,Butler County,PA
2024,42077,2020-10-08,103.16368638239,Lehigh County,PA
2025,42079,2020-10-08,7.527286413248,Luzerne County,PA
2026,42091,2020-10-08,42.730477513086,Montgomery County,PA
2027,42101,2020-10-08,99.589923842999,Philadelphia County,PA
2028,42129,2020-10-08,1.7595720720721,Westmoreland County,PA
2029,42133,2020-10-08,54.54495868219401,York County,PA
2283,42003,2020-10-09,139.12288762955,Allegheny County,PA
2284,42011,2020-10-09,134.46023818671,Berks County,PA
2285,42019,2020-10-09,45.345146325299,Butler County,PA
2286,42077,2020-10-09,114.62631820266,Lehigh County,PA
2287,42079,2020-10-09,15.054572826496,Luzerne County,PA
2288,42091,2020-10-09,79.526166482688,Montgomery County,PA
2289,42101,2020-10-09,105.44815465729,Philadelphia County,PA
2290,42129,2020-10-09,8.797860360360401,Westmoreland County,PA
2291,42133,2020-10-09,29.999727275207,York County,PA
2545,42003,2020-10-10,264.20585081942,Allegheny County,PA
2546,42011,2020-10-10,96.04302727622,Berks County,PA
2547,42019,2020-10-10,125.57117443928999,Butler County,PA
2548,42077,2020-10-10,103.16368638239,Lehigh County,PA
2549,42079,2020-10-10,35.127336595157,Luzerne County,PA
2550,42091,2020-10-10,121.06968628708,Montgomery County,PA
2551,42101,2020-10-10,105.44815465729,Philadelphia County,PA
2552,42129,2020-10-10,14.076576576577,Westmoreland County,PA
2553,42133,2020-10-10,57.272206616302995,York County,PA
2807,42003,2020-10-11,131.46474702608998,Allegheny County,PA
2808,42011,2020-10-11,147.26597515687,Berks County,PA
2809,42019,2020-10-11,34.880881788692,Butler County,PA
2810,42077,2020-10-11,183.40210912425,Lehigh County,PA
2811,42079,2020-10-11,30.109145652992,Luzerne County,PA
2812,42091,2020-10-11,60.534843143539,Montgomery County,PA
2813,42101,2020-10-11,105.44815465729,Philadelphia County,PA
2814,42129,2020-10-11,15.836148648649,Westmoreland County,PA
2815,42133,2020-10-11,38.181471077536,York County,PA
3068,42003,2020-10-12,34.461632715577004,Allegheny County,PA
3069,42011,2020-10-12,70.43155333589401,Berks County,PA
3070,42019,2020-10-12,59.297499040775996,Butler County,PA
3071,42077,2020-10-12,45.850527281064,Lehigh County,PA
3072,42079,2020-10-12,15.054572826496,Luzerne County,PA
3073,42091,2020-10-12,41.543519804389,Montgomery County,PA
3074,42101,2020-10-12,70.298769771529,Philadelphia County,PA
3075,42129,2020-10-12,15.836148648649,Westmoreland County,PA
3076,42133,2020-10-12,10.908991736438999,York County,PA
3329,42003,2020-10-13,47.225200388012,Allegheny County,PA
3330,42011,2020-10-13,57.625816365732,Berks County,PA
3331,42019,2020-10-13,41.85705814643,Butler County,PA
3332,42077,2020-10-13,34.387895460798,Lehigh County,PA
3333,42079,2020-10-13,17.563668297579,Luzerne County,PA
3334,42091,2020-10-13,45.10439293048,Montgomery County,PA
3335,42101,2020-10-13,87.87346221441099,Philadelphia County,PA
3336,42129,2020-10-13,12.317004504505,Westmoreland County,PA
3337,42133,2020-10-13,19.090735538768,York County,PA
3590,42003,2020-10-14,53.606984224230004,Allegheny County,PA
3591,42011,2020-10-14,89.640158791138,Berks County,PA
3592,42019,2020-10-14,52.321322683037,Butler County,PA
3593,42077,2020-10-14,137.55158184318998,Lehigh County,PA
3594,42079,2020-10-14,15.054572826496,Luzerne County,PA
3595,42091,2020-10-14,47.478308347874005,Montgomery County,PA
3596,42101,2020-10-14,105.44815465729,Philadelphia County,PA
3597,42129,2020-10-14,24.634009009009,Westmoreland County,PA
3598,42133,2020-10-14,29.999727275207,York County,PA
3851,42003,2020-10-15,71.47597896564,Allegheny County,PA
3852,42011,2020-10-15,70.43155333589401,Berks County,PA
3853,42019,2020-10-15,48.833234504168,Butler County,PA
3854,42077,2020-10-15,34.387895460798,Lehigh County,PA
3855,42079,2020-10-15,5.018190942165299,Luzerne County,PA
3856,42091,2020-10-15,55.787012308751,Montgomery County,PA
3857,42101,2020-10-15,58.582308142940995,Philadelphia County,PA
3858,42129,2020-10-15,14.076576576577,Westmoreland County,PA
3859,42133,2020-10-15,5.454495868219401,York County,PA
4112,42003,2020-10-16,103.38489814673001,Allegheny County,PA
4113,42011,2020-10-16,128.05736970163,Berks County,PA
4114,42019,2020-10-16,90.690292650598,Butler County,PA
4115,42077,2020-10-16,91.701054562127,Lehigh County,PA
4116,42079,2020-10-16,30.109145652992,Luzerne County,PA
4117,42091,2020-10-16,73.591377939204,Montgomery County,PA
4118,42101,2020-10-16,105.44815465729,Philadelphia County,PA
4119,42129,2020-10-16,17.595720720720998,Westmoreland County,PA
4120,42133,2020-10-16,49.090462813974,York County,PA
4373,42003,2020-10-17,181.24266094859,Allegheny County,PA
4374,42011,2020-10-17,192.08605455244,Berks County,PA
4375,42019,2020-10-17,139.52352715477,Butler County,PA
4376,42077,2020-10-17,217.79000458505,Lehigh County,PA
4377,42079,2020-10-17,40.145527537323,Luzerne County,PA
4378,42091,2020-10-17,125.81751712186,Montgomery County,PA
4379,42101,2020-10-17,158.17223198594,Philadelphia County,PA
4380,42129,2020-10-17,19.355292792793,Westmoreland County,PA
4381,42133,2020-10-17,68.181198352742,York County,PA
4634,42003,2020-10-18,111.04303875019,Allegheny County,PA
4635,42011,2020-10-18,166.47458061211,Berks County,PA
4636,42019,2020-10-18,52.321322683037,Butler County,PA
4637,42077,2020-10-18,206.32737276479,Lehigh County,PA
4638,42079,2020-10-18,40.145527537323,Luzerne County,PA
4639,42091,2020-10-18,60.534843143539,Montgomery County,PA
4640,42101,2020-10-18,58.582308142940995,Philadelphia County,PA
4641,42129,2020-10-18,14.076576576577,Westmoreland County,PA
4642,42133,2020-10-18,38.181471077536,York County,PA
4895,42003,2020-10-19,35.73798948282,Allegheny County,PA
4896,42011,2020-10-19,96.04302727622,Berks County,PA
4897,42019,2020-10-19,31.392793609822,Butler County,PA
4898,42077,2020-10-19,91.701054562127,Lehigh County,PA
4899,42079,2020-10-19,7.527286413248,Luzerne County,PA
4900,42091,2020-10-19,33.234815843511,Montgomery County,PA
4901,42101,2020-10-19,82.015231400117,Philadelphia County,PA
4902,42129,2020-10-19,14.076576576577,Westmoreland County,PA
4903,42133,2020-10-19,27.272479341097004,York County,PA
5156,42003,2020-10-20,44.672486853525,Allegheny County,PA
5157,42011,2020-10-20,64.028684850813,Berks County,PA
5158,42019,2020-10-20,41.85705814643,Butler County,PA
5159,42077,2020-10-20,103.16368638239,Lehigh County,PA
5160,42079,2020-10-20,12.545477355413,Luzerne County,PA
5161,42091,2020-10-20,37.982646678299,Montgomery County,PA
5162,42101,2020-10-20,58.582308142940995,Philadelphia County,PA
5163,42129,2020-10-20,8.797860360360401,Westmoreland County,PA
5164,42133,2020-10-20,21.817983472877998,York County,PA
5417,42003,2020-10-21,54.883340991474,Allegheny County,PA
5418,42011,2020-10-21,89.640158791138,Berks County,PA
5419,42019,2020-10-21,55.809410861907,Butler County,PA
5420,42077,2020-10-21,68.775790921596,Lehigh County,PA
5421,42079,2020-10-21,10.036381884331,Luzerne County,PA
5422,42091,2020-10-21,36.795688969602,Montgomery County,PA
5423,42101,2020-10-21,123.02284710018,Philadelphia County,PA
5424,42129,2020-10-21,19.355292792793,Westmoreland County,PA
5425,42133,2020-10-21,19.090735538768,York County,PA
5678,42003,2020-10-22,45.948843620769,Allegheny County,PA
5679,42011,2020-10-22,70.43155333589401,Berks County,PA
5680,42019,2020-10-22,69.76176357738301,Butler County,PA
5681,42077,2020-10-22,149.01421366346,Lehigh County,PA
5682,42079,2020-10-22,17.563668297579,Luzerne County,PA
5683,42091,2020-10-22,36.795688969602,Montgomery County,PA
5684,42101,2020-10-22,76.157000585823,Philadelphia County,PA
5685,42129,2020-10-22,17.595720720720998,Westmoreland County,PA
5686,42133,2020-10-22,27.272479341097004,York County,PA
5939,42003,2020-10-23,160.82095267269,Allegheny County,PA
5940,42011,2020-10-23,140.86310667178998,Berks County,PA
5941,42019,2020-10-23,52.321322683037,Butler County,PA
5942,42077,2020-10-23,171.93947730398997,Lehigh County,PA
5943,42079,2020-10-23,40.145527537323,Luzerne County,PA
5944,42091,2020-10-23,81.900081900082,Montgomery County,PA
5945,42101,2020-10-23,123.02284710018,Philadelphia County,PA
5946,42129,2020-10-23,17.595720720720998,Westmoreland County,PA
5947,42133,2020-10-23,27.272479341097004,York County,PA
6200,42003,2020-10-24,213.15158012968,Allegheny County,PA
6201,42011,2020-10-24,134.46023818671,Berks County,PA
6202,42019,2020-10-24,97.666469008337,Butler County,PA
6203,42077,2020-10-24,91.701054562127,Lehigh County,PA
6204,42079,2020-10-24,35.127336595157,Luzerne County,PA
6205,42091,2020-10-24,123.44360170446998,Montgomery County,PA
6206,42101,2020-10-24,134.73930872876002,Philadelphia County,PA
6207,42129,2020-10-24,26.393581081081,Westmoreland County,PA
6208,42133,2020-10-24,79.09019008918101,York County,PA
6461,42003,2020-10-25,89.344973707051,Allegheny County,PA
6462,42011,2020-10-25,70.43155333589401,Berks County,PA
6463,42019,2020-10-25,59.297499040775996,Butler County,PA
6464,42077,2020-10-25,114.62631820266,Lehigh County,PA
6465,42079,2020-10-25,17.563668297579,Luzerne County,PA
6466,42091,2020-10-25,75.965293356598,Montgomery County,PA
6467,42101,2020-10-25,99.589923842999,Philadelphia County,PA
6468,42129,2020-10-25,8.797860360360401,Westmoreland County,PA
6469,42133,2020-10-25,38.181471077536,York County,PA
6729,42003,2020-10-26,30.632562413846003,Allegheny County,PA
6730,42011,2020-10-26,83.23729030605699,Berks County,PA
6731,42019,2020-10-26,45.345146325299,Butler County,PA
6732,42077,2020-10-26,45.850527281064,Lehigh County,PA
6733,42079,2020-10-26,15.054572826496,Luzerne County,PA
6734,42091,2020-10-26,18.991323339149,Montgomery County,PA
6735,42101,2020-10-26,70.298769771529,Philadelphia County,PA
6736,42129,2020-10-26,3.5191441441441,Westmoreland County,PA
6737,42133,2020-10-26,38.181471077536,York County,PA
6995,42003,2020-10-27,35.73798948282,Allegheny County,PA
6996,42011,2020-10-27,96.04302727622,Berks County,PA
6997,42019,2020-10-27,48.833234504168,Butler County,PA
6998,42077,2020-10-27,126.08895002293,Lehigh County,PA
6999,42079,2020-10-27,25.090954710827,Luzerne County,PA
7000,42091,2020-10-27,36.795688969602,Montgomery County,PA
7001,42101,2020-10-27,99.589923842999,Philadelphia County,PA
7002,42129,2020-10-27,10.557432432432,Westmoreland County,PA
7003,42133,2020-10-27,24.545231406987,York County,PA
7261,42003,2020-10-28,48.501557155256,Allegheny County,PA
7262,42011,2020-10-28,76.834421820976,Berks County,PA
7263,42019,2020-10-28,41.85705814643,Butler County,PA
7264,42077,2020-10-28,57.31315910133,Lehigh County,PA
7265,42079,2020-10-28,12.545477355413,Luzerne County,PA
7266,42091,2020-10-28,43.917435221783,Montgomery County,PA
7267,42101,2020-10-28,99.589923842999,Philadelphia County,PA
7268,42129,2020-10-28,12.317004504505,Westmoreland County,PA
7269,42133,2020-10-28,27.272479341097004,York County,PA
7527,42003,2020-10-29,35.73798948282,Allegheny County,PA
7528,42011,2020-10-29,64.028684850813,Berks County,PA
7529,42019,2020-10-29,66.273675398514,Butler County,PA
7530,42077,2020-10-29,57.31315910133,Lehigh County,PA
7531,42079,2020-10-29,7.527286413248,Luzerne County,PA
7532,42091,2020-10-29,29.673942717421,Montgomery County,PA
7533,42101,2020-10-29,93.73169302870501,Philadelphia County,PA
7534,42129,2020-10-29,15.836148648649,Westmoreland County,PA
7535,42133,2020-10-29,35.454223143426,York County,PA
7793,42003,2020-10-30,90.621330474294,Allegheny County,PA
7794,42011,2020-10-30,147.26597515687,Berks County,PA
7795,42019,2020-10-30,76.737939935122,Butler County,PA
7796,42077,2020-10-30,194.86474094452,Lehigh County,PA
7797,42079,2020-10-30,15.054572826496,Luzerne County,PA
7798,42091,2020-10-30,54.600054600054996,Montgomery County,PA
7799,42101,2020-10-30,117.16461628588002,Philadelphia County,PA
7800,42129,2020-10-30,7.0382882882883,Westmoreland County,PA
7801,42133,2020-10-30,49.090462813974,York County,PA
8059,42003,2020-10-31,67.64690866391,Allegheny County,PA
8060,42011,2020-10-31,115.25163273146002,Berks County,PA
8061,42019,2020-10-31,76.737939935122,Butler County,PA
8062,42077,2020-10-31,114.62631820266,Lehigh County,PA
8063,42079,2020-10-31,50.181909421654,Luzerne County,PA
8064,42091,2020-10-31,65.282673978326,Montgomery County,PA
8065,42101,2020-10-31,93.73169302870501,Philadelphia County,PA
8066,42129,2020-10-31,21.114864864865,Westmoreland County,PA
8067,42133,2020-10-31,40.908719011645005,York County,PA
8325,42003,2020-11-01,62.541481594935,Allegheny County,PA
8326,42011,2020-11-01,89.640158791138,Berks County,PA
8327,42019,2020-11-01,66.273675398514,Butler County,PA
8328,42077,2020-11-01,57.31315910133,Lehigh County,PA
8329,42079,2020-11-01,15.054572826496,Luzerne County,PA
8330,42091,2020-11-01,62.908758560932,Montgomery County,PA
8331,42101,2020-11-01,64.440538957235,Philadelphia County,PA
8332,42129,2020-11-01,14.076576576577,Westmoreland County,PA
8333,42133,2020-11-01,13.636239670548001,York County,PA
8590,42003,2020-11-02,109.76668198295,Allegheny County,PA
8591,42011,2020-11-02,83.23729030605699,Berks County,PA
8592,42019,2020-11-02,20.928529073215,Butler County,PA
8593,42077,2020-11-02,45.850527281064,Lehigh County,PA
8594,42079,2020-11-02,12.545477355413,Luzerne County,PA
8595,42091,2020-11-02,34.421773552208,Montgomery County,PA
8596,42101,2020-11-02,82.015231400117,Philadelphia County,PA
8597,42129,2020-11-02,7.0382882882883,Westmoreland County,PA
8598,42133,2020-11-02,35.454223143426,York County,PA
8855,42003,2020-11-03,35.73798948282,Allegheny County,PA
8856,42011,2020-11-03,70.43155333589401,Berks County,PA
8857,42019,2020-11-03,83.71411629286,Butler County,PA
8858,42077,2020-11-03,91.701054562127,Lehigh County,PA
8859,42079,2020-11-03,2.5090954710827003,Luzerne County,PA
8860,42091,2020-11-03,41.543519804389,Montgomery County,PA
8861,42101,2020-11-03,76.157000585823,Philadelphia County,PA
8862,42129,2020-11-03,12.317004504505,Westmoreland County,PA
8863,42133,2020-11-03,10.908991736438999,York County,PA
9120,42003,2020-11-04,38.290703017307,Allegheny County,PA
9121,42011,2020-11-04,57.625816365732,Berks County,PA
9122,42019,2020-11-04,31.392793609822,Butler County,PA
9123,42077,2020-11-04,91.701054562127,Lehigh County,PA
9124,42079,2020-11-04,25.090954710827,Luzerne County,PA
9125,42091,2020-11-04,46.291350639177,Montgomery County,PA
9126,42101,2020-11-04,123.02284710018,Philadelphia County,PA
9127,42129,2020-11-04,10.557432432432,Westmoreland County,PA
9128,42133,2020-11-04,19.090735538768,York County,PA
9385,42003,2020-11-05,48.501557155256,Allegheny County,PA
9386,42011,2020-11-05,83.23729030605699,Berks County,PA
9387,42019,2020-11-05,62.785587219645,Butler County,PA
9388,42077,2020-11-05,91.701054562127,Lehigh County,PA
9389,42079,2020-11-05,10.036381884331,Luzerne County,PA
9390,42091,2020-11-05,48.665266056570005,Montgomery County,PA
9391,42101,2020-11-05,87.87346221441099,Philadelphia County,PA
9392,42129,2020-11-05,10.557432432432,Westmoreland County,PA
9393,42133,2020-11-05,21.817983472877998,York County,PA
9650,42003,2020-11-06,114.87210905191999,Allegheny County,PA
9651,42011,2020-11-06,96.04302727622,Berks County,PA
9652,42019,2020-11-06,87.20220447172899,Butler County,PA
9653,42077,2020-11-06,160.47684548371998,Lehigh County,PA
9654,42079,2020-11-06,27.600050181908998,Luzerne County,PA
9655,42091,2020-11-06,75.965293356598,Montgomery County,PA
9656,42101,2020-11-06,87.87346221441099,Philadelphia County,PA
9657,42129,2020-11-06,14.076576576577,Westmoreland County,PA
9658,42133,2020-11-06,24.545231406987,York County,PA
9915,42003,2020-11-07,174.86087711237,Allegheny County,PA
9916,42011,2020-11-07,236.90613394801002,Berks County,PA
9917,42019,2020-11-07,104.64264536607,Butler County,PA
9918,42077,2020-11-07,389.72948188904,Lehigh County,PA
9919,42079,2020-11-07,42.654623008405,Luzerne County,PA
9920,42091,2020-11-07,86.64791273486901,Montgomery County,PA
9921,42101,2020-11-07,140.59753954306,Philadelphia County,PA
9922,42129,2020-11-07,33.431869369369004,Westmoreland County,PA
9923,42133,2020-11-07,70.908446286852,York County,PA
10180,42003,2020-11-08,103.38489814673001,Allegheny County,PA
10181,42011,2020-11-08,128.05736970163,Berks County,PA
10182,42019,2020-11-08,62.785587219645,Butler County,PA
10183,42077,2020-11-08,114.62631820266,Lehigh County,PA
10184,42079,2020-11-08,12.545477355413,Luzerne County,PA
10185,42091,2020-11-08,70.030504813114,Montgomery County,PA
10186,42101,2020-11-08,64.440538957235,Philadelphia County,PA
10187,42129,2020-11-08,29.912725225225,Westmoreland County,PA
10188,42133,2020-11-08,21.817983472877998,York County,PA
10446,42003,2020-11-09,37.014346250064,Allegheny County,PA
10447,42011,2020-11-09,83.23729030605699,Berks County,PA
10448,42019,2020-11-09,31.392793609822,Butler County,PA
10449,42077,2020-11-09,45.850527281064,Lehigh County,PA
10450,42079,2020-11-09,7.527286413248,Luzerne County,PA
10451,42091,2020-11-09,30.860900426118,Montgomery County,PA
10452,42101,2020-11-09,70.298769771529,Philadelphia County,PA
10453,42129,2020-11-09,0.0,Westmoreland County,PA
10454,42133,2020-11-09,16.363487604658,York County,PA
10710,42003,2020-11-10,48.501557155256,Allegheny County,PA
10711,42011,2020-11-10,96.04302727622,Berks County,PA
10712,42019,2020-11-10,52.321322683037,Butler County,PA
10713,42077,2020-11-10,137.55158184318998,Lehigh County,PA
10714,42079,2020-11-10,22.581859239744002,Luzerne County,PA
10715,42091,2020-11-10,26.11306959133,Montgomery County,PA
10716,42101,2020-11-10,76.157000585823,Philadelphia County,PA
10717,42129,2020-11-10,17.595720720720998,Westmoreland County,PA
10718,42133,2020-11-10,24.545231406987,York County,PA
10974,42003,2020-11-11,67.64690866391,Allegheny County,PA
10975,42011,2020-11-11,102.4458957613,Berks County,PA
10976,42019,2020-11-11,55.809410861907,Butler County,PA
10977,42077,2020-11-11,80.238422741862,Lehigh County,PA
10978,42079,2020-11-11,10.036381884331,Luzerne County,PA
10979,42091,2020-11-11,37.982646678299,Montgomery County,PA
10980,42101,2020-11-11,146.45577035735002,Philadelphia County,PA
10981,42129,2020-11-11,10.557432432432,Westmoreland County,PA
10982,42133,2020-11-11,27.272479341097004,York County,PA
11238,42003,2020-11-12,31.908919181089,Allegheny County,PA
11239,42011,2020-11-12,70.43155333589401,Berks County,PA
11240,42019,2020-11-12,52.321322683037,Butler County,PA
11241,42077,2020-11-12,68.775790921596,Lehigh County,PA
11242,42079,2020-11-12,15.054572826496,Luzerne County,PA
11243,42091,2020-11-12,20.178281047846,Montgomery County,PA
11244,42101,2020-11-12,52.724077328647006,Philadelphia County,PA
11245,42129,2020-11-12,10.557432432432,Westmoreland County,PA
11246,42133,2020-11-12,10.908991736438999,York County,PA
11502,42003,2020-11-13,91.897687241538,Allegheny County,PA
11503,42011,2020-11-13,121.65450121655,Berks County,PA
11504,42019,2020-11-13,73.249851756252,Butler County,PA
11505,42077,2020-11-13,183.40210912425,Lehigh County,PA
11506,42079,2020-11-13,22.581859239744002,Luzerne County,PA
11507,42091,2020-11-13,83.087039608779,Montgomery County,PA
11508,42101,2020-11-13,52.724077328647006,Philadelphia County,PA
11509,42129,2020-11-13,14.076576576577,Westmoreland County,PA
11510,42133,2020-11-13,51.817710748084004,York County,PA
11766,42003,2020-11-14,177.41359064686,Allegheny County,PA
11767,42011,2020-11-14,166.47458061211,Berks County,PA
11768,42019,2020-11-14,94.17838082946699,Butler County,PA
11769,42077,2020-11-14,252.17790004584998,Lehigh County,PA
11770,42079,2020-11-14,50.181909421654,Luzerne County,PA
11771,42091,2020-11-14,92.582701278353,Montgomery County,PA
11772,42101,2020-11-14,175.74692442882,Philadelphia County,PA
11773,42129,2020-11-14,66.863738738739,Westmoreland County,PA
11774,42133,2020-11-14,73.635694220962,York County,PA
12030,42003,2020-11-15,54.883340991474,Allegheny County,PA
12031,42011,2020-11-15,83.23729030605699,Berks County,PA
12032,42019,2020-11-15,38.368969967561,Butler County,PA
12033,42077,2020-11-15,45.850527281064,Lehigh County,PA
12034,42079,2020-11-15,17.563668297579,Luzerne County,PA
12035,42091,2020-11-15,51.03918147396401,Montgomery County,PA
12036,42101,2020-11-15,93.73169302870501,Philadelphia County,PA
12037,42129,2020-11-15,22.874436936937,Westmoreland County,PA
12038,42133,2020-11-15,32.726975209316,York County,PA
12294,42003,2020-11-16,31.908919181089,Allegheny County,PA
12295,42011,2020-11-16,57.625816365732,Berks County,PA
12296,42019,2020-11-16,20.928529073215,Butler County,PA
12297,42077,2020-11-16,80.238422741862,Lehigh County,PA
12298,42079,2020-11-16,17.563668297579,Luzerne County,PA
12299,42091,2020-11-16,24.926111882634,Montgomery County,PA
12300,42101,2020-11-16,87.87346221441099,Philadelphia County,PA
12301,42129,2020-11-16,5.2787162162162,Westmoreland County,PA
12302,42133,2020-11-16,8.1817438023291,York County,PA
12558,42003,2020-11-17,35.73798948282,Allegheny County,PA
12559,42011,2020-11-17,64.028684850813,Berks County,PA
12560,42019,2020-11-17,41.85705814643,Butler County,PA
12561,42077,2020-11-17,34.387895460798,Lehigh County,PA
12562,42079,2020-11-17,15.054572826496,Luzerne County,PA
12563,42091,2020-11-17,24.926111882634,Montgomery County,PA
12564,42101,2020-11-17,87.87346221441099,Philadelphia County,PA
12565,42129,2020-11-17,14.076576576577,Westmoreland County,PA
12566,42133,2020-11-17,29.999727275207,York County,PA
12822,42003,2020-11-18,51.05427068974301,Allegheny County,PA
12823,42011,2020-11-18,83.23729030605699,Berks County,PA
12824,42019,2020-11-18,17.440440894346,Butler County,PA
12825,42077,2020-11-18,80.238422741862,Lehigh County,PA
12826,42079,2020-11-18,7.527286413248,Luzerne County,PA
12827,42091,2020-11-18,37.982646678299,Montgomery County,PA
12828,42101,2020-11-18,128.88107791446998,Philadelphia County,PA
12829,42129,2020-11-18,5.2787162162162,Westmoreland County,PA
12830,42133,2020-11-18,21.817983472877998,York County,PA
13086,42003,2020-11-19,19.145351508654002,Allegheny County,PA
13087,42011,2020-11-19,96.04302727622,Berks County,PA
13088,42019,2020-11-19,34.880881788692,Butler County,PA
13089,42077,2020-11-19,103.16368638239,Lehigh County,PA
13090,42079,2020-11-19,15.054572826496,Luzerne County,PA
13091,42091,2020-11-19,34.421773552208,Montgomery County,PA
13092,42101,2020-11-19,87.87346221441099,Philadelphia County,PA
13093,42129,2020-11-19,19.355292792793,Westmoreland County,PA
13094,42133,2020-11-19,35.454223143426,York County,PA
13350,42003,2020-11-20,56.159697758718,Allegheny County,PA
13351,42011,2020-11-20,147.26597515687,Berks County,PA
13352,42019,2020-11-20,24.416617252084,Butler County,PA
13353,42077,2020-11-20,103.16368638239,Lehigh County,PA
13354,42079,2020-11-20,17.563668297579,Luzerne County,PA
13355,42091,2020-11-20,43.917435221783,Montgomery County,PA
13356,42101,2020-11-20,35.149384885765,Philadelphia County,PA
13357,42129,2020-11-20,19.355292792793,Westmoreland County,PA
13358,42133,2020-11-20,62.726702484523,York County,PA
13614,42003,2020-11-21,99.555827844999,Allegheny County,PA
13615,42011,2020-11-21,198.48892303751998,Berks County,PA
13616,42019,2020-11-21,87.20220447172899,Butler County,PA
13617,42077,2020-11-21,183.40210912425,Lehigh County,PA
13618,42079,2020-11-21,55.200100363819,Luzerne County,PA
13619,42091,2020-11-21,80.713124191385,Montgomery County,PA
13620,42101,2020-11-21,29.291154071470004,Philadelphia County,PA
13621,42129,2020-11-21,28.153153153153,Westmoreland County,PA
13622,42133,2020-11-21,62.726702484523,York County,PA
13878,42003,2020-11-22,43.39613008628199,Allegheny County,PA
13879,42011,2020-11-22,102.4458957613,Berks County,PA
13880,42019,2020-11-22,31.392793609822,Butler County,PA
13881,42077,2020-11-22,91.701054562127,Lehigh County,PA
13882,42079,2020-11-22,22.581859239744002,Luzerne County,PA
13883,42091,2020-11-22,54.600054600054996,Montgomery County,PA
13884,42101,2020-11-22,23.432923257176,Philadelphia County,PA
13885,42129,2020-11-22,12.317004504505,Westmoreland County,PA
13886,42133,2020-11-22,40.908719011645005,York County,PA
14140,42003,2020-11-23,29.356205646602,Allegheny County,PA
14141,42011,2020-11-23,44.820079395569,Berks County,PA
14142,42019,2020-11-23,41.85705814643,Butler County,PA
14143,42077,2020-11-23,68.775790921596,Lehigh County,PA
14144,42079,2020-11-23,10.036381884331,Luzerne County,PA
14145,42091,2020-11-23,41.543519804389,Montgomery County,PA
14146,42101,2020-11-23,46.865846514352995,Philadelphia County,PA
14147,42129,2020-11-23,8.797860360360401,Westmoreland County,PA
14148,42133,2020-11-23,43.635966945754994,York County,PA
14402,42003,2020-11-24,26.803492112115002,Allegheny County,PA
14403,42011,2020-11-24,64.028684850813,Berks County,PA
14404,42019,2020-11-24,48.833234504168,Butler County,PA
14405,42077,2020-11-24,126.08895002293,Lehigh County,PA
14406,42079,2020-11-24,7.527286413248,Luzerne County,PA
14407,42091,2020-11-24,51.03918147396401,Montgomery County,PA
14408,42101,2020-11-24,41.007615700059,Philadelphia County,PA
14409,42129,2020-11-24,24.634009009009,Westmoreland County,PA
14410,42133,2020-11-24,16.363487604658,York County,PA
14664,42003,2020-11-25,17.86899474141,Allegheny County,PA
14665,42011,2020-11-25,83.23729030605699,Berks County,PA
14666,42019,2020-11-25,34.880881788692,Butler County,PA
14667,42077,2020-11-25,22.925263640532,Lehigh County,PA
14668,42079,2020-11-25,7.527286413248,Luzerne County,PA
14669,42091,2020-11-25,37.982646678299,Montgomery County,PA
14670,42101,2020-11-25,23.432923257176,Philadelphia County,PA
14671,42129,2020-11-25,10.557432432432,Westmoreland County,PA
14672,42133,2020-11-25,21.817983472877998,York County,PA
14926,42003,2020-11-26,7.658140603461501,Allegheny County,PA
14927,42011,2020-11-26,25.611473940325,Berks County,PA
14928,42019,2020-11-26,3.4880881788692,Butler County,PA
14929,42077,2020-11-26,0.0,Lehigh County,PA
14930,42079,2020-11-26,5.018190942165299,Luzerne County,PA
14931,42091,2020-11-26,7.1217462521809995,Montgomery County,PA
14932,42101,2020-11-26,11.716461628588,Philadelphia County,PA
14933,42129,2020-11-26,1.7595720720721,Westmoreland County,PA
14934,42133,2020-11-26,13.636239670548001,York County,PA
15188,42003,2020-11-27,48.501557155256,Allegheny County,PA
15189,42011,2020-11-27,172.8774490972,Berks County,PA
15190,42019,2020-11-27,34.880881788692,Butler County,PA
15191,42077,2020-11-27,114.62631820266,Lehigh County,PA
15192,42079,2020-11-27,17.563668297579,Luzerne County,PA
15193,42091,2020-11-27,56.973970017447996,Montgomery County,PA
15194,42101,2020-11-27,17.574692442882,Philadelphia County,PA
15195,42129,2020-11-27,14.076576576577,Westmoreland County,PA
15196,42133,2020-11-27,32.726975209316,York County,PA
15450,42003,2020-11-28,70.199622198397,Allegheny County,PA
15451,42011,2020-11-28,115.25163273146002,Berks County,PA
15452,42019,2020-11-28,69.76176357738301,Butler County,PA
15453,42077,2020-11-28,183.40210912425,Lehigh County,PA
15454,42079,2020-11-28,27.600050181908998,Luzerne County,PA
15455,42091,2020-11-28,74.778335647901,Montgomery County,PA
15456,42101,2020-11-28,35.149384885765,Philadelphia County,PA
15457,42129,2020-11-28,14.076576576577,Westmoreland County,PA
15458,42133,2020-11-28,13.636239670548001,York County,PA
15712,42003,2020-11-29,38.290703017307,Allegheny County,PA
15713,42011,2020-11-29,102.4458957613,Berks County,PA
15714,42019,2020-11-29,38.368969967561,Butler County,PA
15715,42077,2020-11-29,34.387895460798,Lehigh County,PA
15716,42079,2020-11-29,27.600050181908998,Luzerne County,PA
15717,42091,2020-11-29,47.478308347874005,Montgomery County,PA
15718,42101,2020-11-29,23.432923257176,Philadelphia County,PA
15719,42129,2020-11-29,19.355292792793,Westmoreland County,PA
15720,42133,2020-11-29,27.272479341097004,York County,PA
15970,42003,2020-11-30,29.356205646602,Allegheny County,PA
15971,42011,2020-11-30,57.625816365732,Berks County,PA
15972,42019,2020-11-30,38.368969967561,Butler County,PA
15973,42077,2020-11-30,57.31315910133,Lehigh County,PA
15974,42079,2020-11-30,5.018190942165299,Luzerne County,PA
15975,42091,2020-11-30,24.926111882634,Montgomery County,PA
15976,42101,2020-11-30,35.149384885765,Philadelphia County,PA
15977,42129,2020-11-30,8.797860360360401,Westmoreland County,PA
15978,42133,2020-11-30,19.090735538768,York County,PA
16227,42003,2020-12-01,14.039924439679,Allegheny County,PA
16228,42011,2020-12-01,57.625816365732,Berks County,PA
16229,42019,2020-12-01,6.976176357738299,Butler County,PA
16230,42077,2020-12-01,103.16368638239,Lehigh County,PA
16231,42079,2020-12-01,7.527286413248,Luzerne County,PA
16232,42091,2020-12-01,29.673942717421,Montgomery County,PA
16233,42101,2020-12-01,29.291154071470004,Philadelphia County,PA
16234,42129,2020-12-01,3.5191441441441,Westmoreland County,PA
16235,42133,2020-12-01,35.454223143426,York County,PA
16484,42003,2020-12-02,25.527135344871997,Allegheny County,PA
16485,42011,2020-12-02,83.23729030605699,Berks County,PA
16486,42019,2020-12-02,48.833234504168,Butler County,PA
16487,42077,2020-12-02,34.387895460798,Lehigh County,PA
16488,42079,2020-12-02,7.527286413248,Luzerne County,PA
16489,42091,2020-12-02,37.982646678299,Montgomery County,PA
16490,42101,2020-12-02,29.291154071470004,Philadelphia County,PA
16491,42129,2020-12-02,7.0382882882883,Westmoreland County,PA
16492,42133,2020-12-02,38.181471077536,York County,PA
16741,42003,2020-12-03,19.145351508654002,Allegheny County,PA
16742,42011,2020-12-03,64.028684850813,Berks County,PA
16743,42019,2020-12-03,52.321322683037,Butler County,PA
16744,42077,2020-12-03,91.701054562127,Lehigh County,PA
16745,42079,2020-12-03,12.545477355413,Luzerne County,PA
16746,42091,2020-12-03,34.421773552208,Montgomery County,PA
16747,42101,2020-12-03,29.291154071470004,Philadelphia County,PA
16748,42129,2020-12-03,22.874436936937,Westmoreland County,PA
16749,42133,2020-12-03,38.181471077536,York County,PA
16998,42003,2020-12-04,54.883340991474,Allegheny County,PA
16999,42011,2020-12-04,153.66884364195,Berks County,PA
17000,42019,2020-12-04,59.297499040775996,Butler County,PA
17001,42077,2020-12-04,114.62631820266,Lehigh County,PA
17002,42079,2020-12-04,15.054572826496,Luzerne County,PA
17003,42091,2020-12-04,61.721800852236,Montgomery County,PA
17004,42101,2020-12-04,17.574692442882,Philadelphia County,PA
17005,42129,2020-12-04,5.2787162162162,Westmoreland County,PA
17006,42133,2020-12-04,38.181471077536,York County,PA
17255,42003,2020-12-05,91.897687241538,Allegheny County,PA
17256,42011,2020-12-05,108.84876424638,Berks County,PA
17257,42019,2020-12-05,45.345146325299,Butler County,PA
17258,42077,2020-12-05,194.86474094452,Lehigh County,PA
17259,42079,2020-12-05,55.200100363819,Luzerne County,PA
17260,42091,2020-12-05,77.152251065295,Montgomery County,PA
17261,42101,2020-12-05,41.007615700059,Philadelphia County,PA
17262,42129,2020-12-05,15.836148648649,Westmoreland County,PA
17263,42133,2020-12-05,46.363214879865,York County,PA
17512,42003,2020-12-06,48.501557155256,Allegheny County,PA
17513,42011,2020-12-06,83.23729030605699,Berks County,PA
17514,42019,2020-12-06,59.297499040775996,Butler County,PA
17515,42077,2020-12-06,57.31315910133,Lehigh County,PA
17516,42079,2020-12-06,25.090954710827,Luzerne County,PA
17517,42091,2020-12-06,48.665266056570005,Montgomery County,PA
17518,42101,2020-12-06,5.8582308142940995,Philadelphia County,PA
17519,42129,2020-12-06,19.355292792793,Westmoreland County,PA
17520,42133,2020-12-06,59.999454550413,York County,PA
17768,42003,2020-12-07,31.908919181089,Allegheny County,PA
17769,42011,2020-12-07,51.222947880651,Berks County,PA
17770,42019,2020-12-07,45.345146325299,Butler County,PA
17771,42077,2020-12-07,45.850527281064,Lehigh County,PA
17772,42079,2020-12-07,5.018190942165299,Luzerne County,PA
17773,42091,2020-12-07,34.421773552208,Montgomery County,PA
17774,42101,2020-12-07,41.007615700059,Philadelphia County,PA
17775,42129,2020-12-07,7.0382882882883,Westmoreland County,PA
17776,42133,2020-12-07,24.545231406987,York County,PA
18024,42003,2020-12-08,30.632562413846003,Allegheny County,PA
18025,42011,2020-12-08,25.611473940325,Berks County,PA
18026,42019,2020-12-08,13.952352715477,Butler County,PA
18027,42077,2020-12-08,91.701054562127,Lehigh County,PA
18028,42079,2020-12-08,5.018190942165299,Luzerne County,PA
18029,42091,2020-12-08,29.673942717421,Montgomery County,PA
18030,42101,2020-12-08,41.007615700059,Philadelphia County,PA
18031,42129,2020-12-08,10.557432432432,Westmoreland County,PA
18032,42133,2020-12-08,27.272479341097004,York County,PA
18280,42003,2020-12-09,38.290703017307,Allegheny County,PA
18281,42011,2020-12-09,51.222947880651,Berks County,PA
18282,42019,2020-12-09,31.392793609822,Butler County,PA
18283,42077,2020-12-09,34.387895460798,Lehigh County,PA
18284,42079,2020-12-09,5.018190942165299,Luzerne County,PA
18285,42091,2020-12-09,30.860900426118,Montgomery County,PA
18286,42101,2020-12-09,46.865846514352995,Philadelphia County,PA
18287,42129,2020-12-09,1.7595720720721,Westmoreland County,PA
18288,42133,2020-12-09,24.545231406987,York County,PA
18536,42003,2020-12-10,28.079848879359,Allegheny County,PA
18537,42011,2020-12-10,96.04302727622,Berks County,PA
18538,42019,2020-12-10,52.321322683037,Butler County,PA
18539,42077,2020-12-10,91.701054562127,Lehigh County,PA
18540,42079,2020-12-10,2.5090954710827003,Luzerne County,PA
18541,42091,2020-12-10,28.486985008723998,Montgomery County,PA
18542,42101,2020-12-10,35.149384885765,Philadelphia County,PA
18543,42129,2020-12-10,12.317004504505,Westmoreland County,PA
18544,42133,2020-12-10,29.999727275207,York County,PA
18792,42003,2020-12-11,88.068616939807,Allegheny County,PA
18793,42011,2020-12-11,204.8917915226,Berks County,PA
18794,42019,2020-12-11,115.10690990268,Butler County,PA
18795,42077,2020-12-11,194.86474094452,Lehigh County,PA
18796,42079,2020-12-11,20.072763768661,Luzerne County,PA
18797,42091,2020-12-11,67.65658939571999,Montgomery County,PA
18798,42101,2020-12-11,35.149384885765,Philadelphia County,PA
18799,42129,2020-12-11,19.355292792793,Westmoreland County,PA
18800,42133,2020-12-11,40.908719011645005,York County,PA
19048,42003,2020-12-12,16.592637974166998,Allegheny County,PA
19049,42011,2020-12-12,64.028684850813,Berks County,PA
19050,42019,2020-12-12,45.345146325299,Butler County,PA
19051,42077,2020-12-12,80.238422741862,Lehigh County,PA
19052,42079,2020-12-12,5.018190942165299,Luzerne County,PA
19053,42091,2020-12-12,26.11306959133,Montgomery County,PA
19054,42101,2020-12-12,52.724077328647006,Philadelphia County,PA
19055,42129,2020-12-12,8.797860360360401,Westmoreland County,PA
19056,42133,2020-12-12,0.0,York County,PA
19304,42003,2020-12-13,11.487210905192,Allegheny County,PA
19305,42011,2020-12-13,76.834421820976,Berks County,PA
19306,42019,2020-12-13,20.928529073215,Butler County,PA
19307,42077,2020-12-13,22.925263640532,Lehigh County,PA
19308,42079,2020-12-13,10.036381884331,Luzerne County,PA
19309,42091,2020-12-13,13.056534795665,Montgomery County,PA
19310,42101,2020-12-13,23.432923257176,Philadelphia County,PA
19311,42129,2020-12-13,0.0,Westmoreland County,PA
19312,42133,2020-12-13,13.636239670548001,York County,PA
19561,42003,2020-12-21,17.8689947,Allegheny County,PA
19562,42011,2020-12-21,38.4172109,Berks County,PA
19563,42019,2020-12-21,17.4404409,Butler County,PA
19564,42077,2020-12-21,0.0,Lehigh County,PA
19565,42079,2020-12-21,7.5272864,Luzerne County,PA
19566,42091,2020-12-21,15.430450199999997,Montgomery County,PA
19567,42101,2020-12-21,17.5746924,Philadelphia County,PA
19568,42129,2020-12-21,3.5191441,Westmoreland County,PA
19569,42133,2020-12-21,13.636239699999999,York County,PA
19818,42003,2020-12-22,17.8689947,Allegheny County,PA
19819,42011,2020-12-22,32.0143424,Berks County,PA
19820,42019,2020-12-22,31.392793599999997,Butler County,PA
19821,42077,2020-12-22,34.3878955,Lehigh County,PA
19822,42079,2020-12-22,7.5272864,Luzerne County,PA
19823,42091,2020-12-22,30.860900399999995,Montgomery County,PA
19824,42101,2020-12-22,23.432923300000002,Philadelphia County,PA
19825,42129,2020-12-22,0.0,Westmoreland County,PA
19826,42133,2020-12-22,10.908991699999998,York County,PA
20075,42003,2020-12-23,14.0399244,Allegheny County,PA
20076,42011,2020-12-23,44.8200794,Berks County,PA
20077,42019,2020-12-23,17.4404409,Butler County,PA
20078,42077,2020-12-23,57.3131591,Lehigh County,PA
20079,42079,2020-12-23,2.5090955000000004,Luzerne County,PA
20080,42091,2020-12-23,18.9913233,Montgomery County,PA
20081,42101,2020-12-23,41.0076157,Philadelphia County,PA
20082,42129,2020-12-23,0.0,Westmoreland County,PA
20083,42133,2020-12-23,32.7269752,York County,PA
20332,42003,2020-12-24,6.3817838,Allegheny County,PA
20333,42011,2020-12-24,44.8200794,Berks County,PA
20334,42019,2020-12-24,45.345146299999996,Butler County,PA
20335,42077,2020-12-24,57.3131591,Lehigh County,PA
20336,42079,2020-12-24,5.0181909000000005,Luzerne County,PA
20337,42091,2020-12-24,11.869577099999999,Montgomery County,PA
20338,42101,2020-12-24,23.432923300000002,Philadelphia County,PA
20339,42129,2020-12-24,0.0,Westmoreland County,PA
20340,42133,2020-12-24,16.3634876,York County,PA
20589,42003,2020-12-25,0.0,Allegheny County,PA
20590,42011,2020-12-25,0.0,Berks County,PA
20591,42019,2020-12-25,0.0,Butler County,PA
20592,42077,2020-12-25,0.0,Lehigh County,PA
20593,42079,2020-12-25,0.0,Luzerne County,PA
20594,42091,2020-12-25,1.1869577,Montgomery County,PA
20595,42101,2020-12-25,11.716461599999999,Philadelphia County,PA
20596,42129,2020-12-25,0.0,Westmoreland County,PA
20597,42133,2020-12-25,0.0,York County,PA
20846,42003,2020-12-26,11.4872109,Allegheny County,PA
20847,42011,2020-12-26,44.8200794,Berks County,PA
20848,42019,2020-12-26,6.976176400000001,Butler County,PA
20849,42077,2020-12-26,45.850527299999996,Lehigh County,PA
20850,42079,2020-12-26,2.5090955000000004,Luzerne County,PA
20851,42091,2020-12-26,26.113069600000003,Montgomery County,PA
20852,42101,2020-12-26,29.291154100000004,Philadelphia County,PA
20853,42129,2020-12-26,1.7595721000000002,Westmoreland County,PA
20854,42133,2020-12-26,10.908991699999998,York County,PA
21103,42003,2020-12-27,17.8689947,Allegheny County,PA
21104,42011,2020-12-27,44.8200794,Berks County,PA
21105,42019,2020-12-27,13.9523527,Butler County,PA
21106,42077,2020-12-27,22.925263600000005,Lehigh County,PA
21107,42079,2020-12-27,2.5090955000000004,Luzerne County,PA
21108,42091,2020-12-27,15.430450199999997,Montgomery County,PA
21109,42101,2020-12-27,17.5746924,Philadelphia County,PA
21110,42129,2020-12-27,5.278716200000001,Westmoreland County,PA
21111,42133,2020-12-27,8.1817438,York County,PA
21360,42003,2020-12-28,19.1453515,Allegheny County,PA
21361,42011,2020-12-28,64.02868489999999,Berks County,PA
21362,42019,2020-12-28,41.8570581,Butler County,PA
21363,42077,2020-12-28,8.0751528,Lehigh County,PA
21364,42079,2020-12-28,0.0,Luzerne County,PA
21365,42091,2020-12-28,18.9913233,Montgomery County,PA
21366,42101,2020-12-28,23.432923300000002,Philadelphia County,PA
21367,42129,2020-12-28,8.797860400000001,Westmoreland County,PA
21368,42133,2020-12-28,24.5452314,York County,PA
21618,42003,2020-12-29,21.698065,Allegheny County,PA
21619,42011,2020-12-29,32.0143424,Berks County,PA
21620,42019,2020-12-29,41.8570581,Butler County,PA
21621,42077,2020-12-29,2.6917176,Lehigh County,PA
21622,42079,2020-12-29,0.0,Luzerne County,PA
21623,42091,2020-12-29,18.9913233,Montgomery County,PA
21624,42101,2020-12-29,41.0076157,Philadelphia County,PA
21625,42129,2020-12-29,1.7595721000000002,Westmoreland County,PA
21626,42133,2020-12-29,8.1817438,York County,PA
21876,42003,2020-12-30,20.421708300000002,Allegheny County,PA
21877,42011,2020-12-30,44.8200794,Berks County,PA
21878,42019,2020-12-30,76.73793990000001,Butler County,PA
21879,42077,2020-12-30,2.6917176,Lehigh County,PA
21880,42079,2020-12-30,2.5090955000000004,Luzerne County,PA
21881,42091,2020-12-30,10.6826194,Montgomery County,PA
21882,42101,2020-12-30,58.5823081,Philadelphia County,PA
21883,42129,2020-12-30,7.0382883000000005,Westmoreland County,PA
21884,42133,2020-12-30,24.5452314,York County,PA
22134,42003,2020-12-31,15.3162812,Allegheny County,PA
22135,42011,2020-12-31,44.8200794,Berks County,PA
22136,42019,2020-12-31,52.3213227,Butler County,PA
22137,42077,2020-12-31,0.0,Lehigh County,PA
22138,42079,2020-12-31,5.0181909000000005,Luzerne County,PA
22139,42091,2020-12-31,21.3652388,Montgomery County,PA
22140,42101,2020-12-31,35.1493849,Philadelphia County,PA
22141,42129,2020-12-31,3.5191441,Westmoreland County,PA
22142,42133,2020-12-31,19.0907355,York County,PA
